"","date","crimes","arson","assault","damage","disorder","dui","drug","larceny","vehi_theft","family","away_team","home_team","day_night","completed","pitch","attendance","game_time","name","city","state","Game","Date","Opponent","Score","Decision","Record","X","X.1","X.2","X.3","X.4","X.5"
"1",2018-01-01,1113,1,264,73,4,0,0,194,5,55,NA,NA,NA,NA,NA,NA,NA,NA,NA,NA,NA,NA,NA,NA,NA,NA,NA,NA,NA,NA,NA,NA
"2",2018-01-02,548,1,122,52,1,0,0,161,7,0,NA,NA,NA,NA,NA,NA,NA,NA,NA,NA,NA,NA,NA,NA,NA,NA,NA,NA,NA,NA,NA,NA
"3",2018-01-03,590,2,137,60,11,0,0,173,6,3,NA,NA,NA,NA,NA,NA,NA,NA,NA,NA,NA,NA,NA,NA,NA,NA,NA,NA,NA,NA,NA,NA
"4",2018-01-04,537,2,125,57,3,0,0,155,7,2,NA,NA,NA,NA,NA,NA,NA,NA,NA,NA,NA,NA,NA,NA,NA,NA,NA,NA,NA,NA,NA,NA
"5",2018-01-05,664,1,168,65,1,0,0,196,13,3,NA,NA,NA,NA,NA,NA,NA,NA,NA,NA,NA,NA,NA,NA,NA,NA,NA,NA,NA,NA,NA,NA
"6",2018-01-06,620,1,160,65,3,0,0,183,10,1,NA,NA,NA,NA,NA,NA,NA,NA,NA,NA,NA,NA,NA,NA,NA,NA,NA,NA,NA,NA,NA,NA
"7",2018-01-07,562,1,151,57,1,0,0,157,8,1,NA,NA,NA,NA,NA,NA,NA,NA,NA,NA,NA,NA,NA,NA,NA,NA,NA,NA,NA,NA,NA,NA
"8",2018-01-08,580,4,131,53,1,0,0,165,9,0,NA,NA,NA,NA,NA,NA,NA,NA,NA,NA,NA,NA,NA,NA,NA,NA,NA,NA,NA,NA,NA,NA
"9",2018-01-09,576,0,111,62,2,0,0,165,9,3,NA,NA,NA,NA,NA,NA,NA,NA,NA,NA,NA,NA,NA,NA,NA,NA,NA,NA,NA,NA,NA,NA
"10",2018-01-10,584,0,144,56,1,0,0,151,5,1,NA,NA,NA,NA,NA,NA,NA,NA,NA,NA,NA,NA,NA,NA,NA,NA,NA,NA,NA,NA,NA,NA
"11",2018-01-11,547,0,120,63,2,0,0,163,3,2,NA,NA,NA,NA,NA,NA,NA,NA,NA,NA,NA,NA,NA,NA,NA,NA,NA,NA,NA,NA,NA,NA
"12",2018-01-12,642,0,135,70,5,0,0,194,7,2,NA,NA,NA,NA,NA,NA,NA,NA,NA,NA,NA,NA,NA,NA,NA,NA,NA,NA,NA,NA,NA,NA
"13",2018-01-13,640,3,168,61,2,0,0,198,7,2,NA,NA,NA,NA,NA,NA,NA,NA,NA,NA,NA,NA,NA,NA,NA,NA,NA,NA,NA,NA,NA,NA
"14",2018-01-14,602,0,169,65,2,0,0,149,8,0,NA,NA,NA,NA,NA,NA,NA,NA,NA,NA,NA,NA,NA,NA,NA,NA,NA,NA,NA,NA,NA,NA
"15",2018-01-15,677,1,159,67,5,0,0,198,9,4,NA,NA,NA,NA,NA,NA,NA,NA,NA,NA,NA,NA,NA,NA,NA,NA,NA,NA,NA,NA,NA,NA
"16",2018-01-16,614,0,135,62,2,0,0,176,10,5,NA,NA,NA,NA,NA,NA,NA,NA,NA,NA,NA,NA,NA,NA,NA,NA,NA,NA,NA,NA,NA,NA
"17",2018-01-17,598,1,149,50,3,0,0,177,7,2,NA,NA,NA,NA,NA,NA,NA,NA,NA,NA,NA,NA,NA,NA,NA,NA,NA,NA,NA,NA,NA,NA
"18",2018-01-18,641,1,152,56,2,0,0,192,10,0,NA,NA,NA,NA,NA,NA,NA,NA,NA,NA,NA,NA,NA,NA,NA,NA,NA,NA,NA,NA,NA,NA
"19",2018-01-19,636,0,134,65,7,0,0,192,7,3,NA,NA,NA,NA,NA,NA,NA,NA,NA,NA,NA,NA,NA,NA,NA,NA,NA,NA,NA,NA,NA,NA
"20",2018-01-20,672,1,179,60,4,0,0,201,9,8,NA,NA,NA,NA,NA,NA,NA,NA,NA,NA,NA,NA,NA,NA,NA,NA,NA,NA,NA,NA,NA,NA
"21",2018-01-21,624,3,158,73,1,0,0,175,15,5,NA,NA,NA,NA,NA,NA,NA,NA,NA,NA,NA,NA,NA,NA,NA,NA,NA,NA,NA,NA,NA,NA
"22",2018-01-22,590,0,148,44,2,0,0,180,6,0,NA,NA,NA,NA,NA,NA,NA,NA,NA,NA,NA,NA,NA,NA,NA,NA,NA,NA,NA,NA,NA,NA
"23",2018-01-23,575,3,111,49,2,0,0,188,9,3,NA,NA,NA,NA,NA,NA,NA,NA,NA,NA,NA,NA,NA,NA,NA,NA,NA,NA,NA,NA,NA,NA
"24",2018-01-24,639,1,144,48,6,0,0,163,10,0,NA,NA,NA,NA,NA,NA,NA,NA,NA,NA,NA,NA,NA,NA,NA,NA,NA,NA,NA,NA,NA,NA
"25",2018-01-25,589,1,127,48,5,0,0,165,11,0,NA,NA,NA,NA,NA,NA,NA,NA,NA,NA,NA,NA,NA,NA,NA,NA,NA,NA,NA,NA,NA,NA
"26",2018-01-26,703,0,156,58,7,0,0,227,7,1,NA,NA,NA,NA,NA,NA,NA,NA,NA,NA,NA,NA,NA,NA,NA,NA,NA,NA,NA,NA,NA,NA
"27",2018-01-27,594,3,150,63,4,0,0,167,16,6,NA,NA,NA,NA,NA,NA,NA,NA,NA,NA,NA,NA,NA,NA,NA,NA,NA,NA,NA,NA,NA,NA
"28",2018-01-28,630,2,194,51,4,0,0,154,7,3,NA,NA,NA,NA,NA,NA,NA,NA,NA,NA,NA,NA,NA,NA,NA,NA,NA,NA,NA,NA,NA,NA
"29",2018-01-29,652,0,157,65,2,0,0,180,9,4,NA,NA,NA,NA,NA,NA,NA,NA,NA,NA,NA,NA,NA,NA,NA,NA,NA,NA,NA,NA,NA,NA
"30",2018-01-30,648,2,171,62,1,0,0,188,12,2,NA,NA,NA,NA,NA,NA,NA,NA,NA,NA,NA,NA,NA,NA,NA,NA,NA,NA,NA,NA,NA,NA
"31",2018-01-31,632,1,177,40,4,0,0,200,13,8,NA,NA,NA,NA,NA,NA,NA,NA,NA,NA,NA,NA,NA,NA,NA,NA,NA,NA,NA,NA,NA,NA
"32",2018-02-01,860,1,178,68,4,0,0,209,11,15,NA,NA,NA,NA,NA,NA,NA,NA,NA,NA,NA,NA,NA,NA,NA,NA,NA,NA,NA,NA,NA,NA
"33",2018-02-02,634,1,161,55,5,0,0,184,8,2,NA,NA,NA,NA,NA,NA,NA,NA,NA,NA,NA,NA,NA,NA,NA,NA,NA,NA,NA,NA,NA,NA
"34",2018-02-03,637,2,162,56,6,0,0,177,14,2,NA,NA,NA,NA,NA,NA,NA,NA,NA,NA,NA,NA,NA,NA,NA,NA,NA,NA,NA,NA,NA,NA
"35",2018-02-04,567,0,184,55,3,0,0,152,6,6,NA,NA,NA,NA,NA,NA,NA,NA,NA,NA,NA,NA,NA,NA,NA,NA,NA,NA,NA,NA,NA,NA
"36",2018-02-05,647,2,148,62,4,0,0,176,6,2,NA,NA,NA,NA,NA,NA,NA,NA,NA,NA,NA,NA,NA,NA,NA,NA,NA,NA,NA,NA,NA,NA
"37",2018-02-06,642,1,143,75,3,0,0,178,16,2,NA,NA,NA,NA,NA,NA,NA,NA,NA,NA,NA,NA,NA,NA,NA,NA,NA,NA,NA,NA,NA,NA
"38",2018-02-07,616,0,148,68,4,0,0,181,8,4,NA,NA,NA,NA,NA,NA,NA,NA,NA,NA,NA,NA,NA,NA,NA,NA,NA,NA,NA,NA,NA,NA
"39",2018-02-08,578,0,140,50,2,0,0,174,12,2,NA,NA,NA,NA,NA,NA,NA,NA,NA,NA,NA,NA,NA,NA,NA,NA,NA,NA,NA,NA,NA,NA
"40",2018-02-09,634,1,142,68,1,0,0,207,10,3,NA,NA,NA,NA,NA,NA,NA,NA,NA,NA,NA,NA,NA,NA,NA,NA,NA,NA,NA,NA,NA,NA
"41",2018-02-10,581,4,142,52,0,0,0,186,8,2,NA,NA,NA,NA,NA,NA,NA,NA,NA,NA,NA,NA,NA,NA,NA,NA,NA,NA,NA,NA,NA,NA
"42",2018-02-11,568,1,156,59,2,0,0,172,7,5,NA,NA,NA,NA,NA,NA,NA,NA,NA,NA,NA,NA,NA,NA,NA,NA,NA,NA,NA,NA,NA,NA
"43",2018-02-12,598,1,142,42,1,0,0,165,7,2,NA,NA,NA,NA,NA,NA,NA,NA,NA,NA,NA,NA,NA,NA,NA,NA,NA,NA,NA,NA,NA,NA
"44",2018-02-13,557,1,124,53,3,0,0,168,5,3,NA,NA,NA,NA,NA,NA,NA,NA,NA,NA,NA,NA,NA,NA,NA,NA,NA,NA,NA,NA,NA,NA
"45",2018-02-14,661,2,166,59,2,0,0,177,13,4,NA,NA,NA,NA,NA,NA,NA,NA,NA,NA,NA,NA,NA,NA,NA,NA,NA,NA,NA,NA,NA,NA
"46",2018-02-15,644,2,156,59,4,0,0,176,15,4,NA,NA,NA,NA,NA,NA,NA,NA,NA,NA,NA,NA,NA,NA,NA,NA,NA,NA,NA,NA,NA,NA
"47",2018-02-16,732,4,197,73,2,0,0,217,8,6,NA,NA,NA,NA,NA,NA,NA,NA,NA,NA,NA,NA,NA,NA,NA,NA,NA,NA,NA,NA,NA,NA
"48",2018-02-17,663,2,170,65,4,0,0,204,8,4,NA,NA,NA,NA,NA,NA,NA,NA,NA,NA,NA,NA,NA,NA,NA,NA,NA,NA,NA,NA,NA,NA
"49",2018-02-18,612,0,169,58,1,0,0,176,1,0,NA,NA,NA,NA,NA,NA,NA,NA,NA,NA,NA,NA,NA,NA,NA,NA,NA,NA,NA,NA,NA,NA
"50",2018-02-19,560,0,127,43,2,0,0,195,9,0,NA,NA,NA,NA,NA,NA,NA,NA,NA,NA,NA,NA,NA,NA,NA,NA,NA,NA,NA,NA,NA,NA
"51",2018-02-20,615,0,122,45,5,0,0,191,16,7,NA,NA,NA,NA,NA,NA,NA,NA,NA,NA,NA,NA,NA,NA,NA,NA,NA,NA,NA,NA,NA,NA
"52",2018-02-21,558,1,120,46,4,0,0,170,11,3,NA,NA,NA,NA,NA,NA,NA,NA,NA,NA,NA,NA,NA,NA,NA,NA,NA,NA,NA,NA,NA,NA
"53",2018-02-22,538,1,117,40,0,0,0,186,6,1,NA,NA,NA,NA,NA,NA,NA,NA,NA,NA,NA,NA,NA,NA,NA,NA,NA,NA,NA,NA,NA,NA
"54",2018-02-23,611,1,149,53,4,0,0,205,8,3,NA,NA,NA,NA,NA,NA,NA,NA,NA,NA,NA,NA,NA,NA,NA,NA,NA,NA,NA,NA,NA,NA
"55",2018-02-24,564,0,141,49,2,0,0,172,12,2,NA,NA,NA,NA,NA,NA,NA,NA,NA,NA,NA,NA,NA,NA,NA,NA,NA,NA,NA,NA,NA,NA
"56",2018-02-25,535,0,148,51,2,0,0,152,4,2,NA,NA,NA,NA,NA,NA,NA,NA,NA,NA,NA,NA,NA,NA,NA,NA,NA,NA,NA,NA,NA,NA
"57",2018-02-26,611,0,134,49,2,0,0,205,7,2,NA,NA,NA,NA,NA,NA,NA,NA,NA,NA,NA,NA,NA,NA,NA,NA,NA,NA,NA,NA,NA,NA
"58",2018-02-27,589,1,148,51,2,0,0,184,6,4,NA,NA,NA,NA,NA,NA,NA,NA,NA,NA,NA,NA,NA,NA,NA,NA,NA,NA,NA,NA,NA,NA
"59",2018-02-28,642,0,145,54,5,0,0,179,8,6,NA,NA,NA,NA,NA,NA,NA,NA,NA,NA,NA,NA,NA,NA,NA,NA,NA,NA,NA,NA,NA,NA
"60",2018-03-01,788,0,141,61,3,0,0,223,14,18,NA,NA,NA,NA,NA,NA,NA,NA,NA,NA,NA,NA,NA,NA,NA,NA,NA,NA,NA,NA,NA,NA
"61",2018-03-02,579,1,114,40,2,0,0,182,9,3,NA,NA,NA,NA,NA,NA,NA,NA,NA,NA,NA,NA,NA,NA,NA,NA,NA,NA,NA,NA,NA,NA
"62",2018-03-03,624,0,185,72,1,0,0,171,5,2,NA,NA,NA,NA,NA,NA,NA,NA,NA,NA,NA,NA,NA,NA,NA,NA,NA,NA,NA,NA,NA,NA
"63",2018-03-04,544,0,156,72,3,0,0,170,8,3,NA,NA,NA,NA,NA,NA,NA,NA,NA,NA,NA,NA,NA,NA,NA,NA,NA,NA,NA,NA,NA,NA
"64",2018-03-05,653,0,151,70,7,0,0,168,10,2,NA,NA,NA,NA,NA,NA,NA,NA,NA,NA,NA,NA,NA,NA,NA,NA,NA,NA,NA,NA,NA,NA
"65",2018-03-06,614,1,155,65,4,0,0,183,7,2,NA,NA,NA,NA,NA,NA,NA,NA,NA,NA,NA,NA,NA,NA,NA,NA,NA,NA,NA,NA,NA,NA
"66",2018-03-07,612,3,134,66,6,0,0,173,8,7,NA,NA,NA,NA,NA,NA,NA,NA,NA,NA,NA,NA,NA,NA,NA,NA,NA,NA,NA,NA,NA,NA
"67",2018-03-08,582,0,131,56,5,0,0,184,9,2,NA,NA,NA,NA,NA,NA,NA,NA,NA,NA,NA,NA,NA,NA,NA,NA,NA,NA,NA,NA,NA,NA
"68",2018-03-09,652,0,145,65,3,0,0,188,12,1,NA,NA,NA,NA,NA,NA,NA,NA,NA,NA,NA,NA,NA,NA,NA,NA,NA,NA,NA,NA,NA,NA
"69",2018-03-10,583,1,146,58,2,0,0,179,4,2,NA,NA,NA,NA,NA,NA,NA,NA,NA,NA,NA,NA,NA,NA,NA,NA,NA,NA,NA,NA,NA,NA
"70",2018-03-11,540,1,162,48,1,0,0,170,9,3,NA,NA,NA,NA,NA,NA,NA,NA,NA,NA,NA,NA,NA,NA,NA,NA,NA,NA,NA,NA,NA,NA
"71",2018-03-12,655,0,161,51,3,0,0,176,9,5,NA,NA,NA,NA,NA,NA,NA,NA,NA,NA,NA,NA,NA,NA,NA,NA,NA,NA,NA,NA,NA,NA
"72",2018-03-13,635,1,132,62,5,0,0,193,16,5,NA,NA,NA,NA,NA,NA,NA,NA,NA,NA,NA,NA,NA,NA,NA,NA,NA,NA,NA,NA,NA,NA
"73",2018-03-14,609,1,161,54,1,0,0,154,8,3,NA,NA,NA,NA,NA,NA,NA,NA,NA,NA,NA,NA,NA,NA,NA,NA,NA,NA,NA,NA,NA,NA
"74",2018-03-15,605,0,146,44,4,0,0,179,3,4,NA,NA,NA,NA,NA,NA,NA,NA,NA,NA,NA,NA,NA,NA,NA,NA,NA,NA,NA,NA,NA,NA
"75",2018-03-16,601,1,127,51,3,0,0,188,5,2,NA,NA,NA,NA,NA,NA,NA,NA,NA,NA,NA,NA,NA,NA,NA,NA,NA,NA,NA,NA,NA,NA
"76",2018-03-17,557,2,143,62,3,0,0,138,8,4,NA,NA,NA,NA,NA,NA,NA,NA,NA,NA,NA,NA,NA,NA,NA,NA,NA,NA,NA,NA,NA,NA
"77",2018-03-18,640,1,192,55,1,0,0,175,11,3,NA,NA,NA,NA,NA,NA,NA,NA,NA,NA,NA,NA,NA,NA,NA,NA,NA,NA,NA,NA,NA,NA
"78",2018-03-19,564,0,140,43,3,0,0,186,9,2,NA,NA,NA,NA,NA,NA,NA,NA,NA,NA,NA,NA,NA,NA,NA,NA,NA,NA,NA,NA,NA,NA
"79",2018-03-20,628,0,145,55,4,0,0,169,11,2,NA,NA,NA,NA,NA,NA,NA,NA,NA,NA,NA,NA,NA,NA,NA,NA,NA,NA,NA,NA,NA,NA
"80",2018-03-21,609,0,166,56,4,0,0,180,8,1,NA,NA,NA,NA,NA,NA,NA,NA,NA,NA,NA,NA,NA,NA,NA,NA,NA,NA,NA,NA,NA,NA
"81",2018-03-22,592,2,134,42,2,0,0,185,7,0,NA,NA,NA,NA,NA,NA,NA,NA,NA,NA,NA,NA,NA,NA,NA,NA,NA,NA,NA,NA,NA,NA
"82",2018-03-23,640,1,160,47,7,0,0,204,10,2,NA,NA,NA,NA,NA,NA,NA,NA,NA,NA,NA,NA,NA,NA,NA,NA,NA,NA,NA,NA,NA,NA
"83",2018-03-24,625,1,173,71,2,0,0,185,9,4,NA,NA,NA,NA,NA,NA,NA,NA,NA,NA,NA,NA,NA,NA,NA,NA,NA,NA,NA,NA,NA,NA
"84",2018-03-25,616,0,155,76,2,0,0,179,9,3,NA,NA,NA,NA,NA,NA,NA,NA,NA,NA,NA,NA,NA,NA,NA,NA,NA,NA,NA,NA,NA,NA
"85",2018-03-26,626,3,138,65,2,0,0,174,6,3,NA,NA,NA,NA,NA,NA,NA,NA,NA,NA,NA,NA,NA,NA,NA,NA,NA,NA,NA,NA,NA,NA
"86",2018-03-27,618,0,159,54,3,0,0,177,8,4,NA,NA,NA,NA,NA,NA,NA,NA,NA,NA,NA,NA,NA,NA,NA,NA,NA,NA,NA,NA,NA,NA
"87",2018-03-28,618,3,155,51,4,0,0,181,7,4,NA,NA,NA,NA,NA,NA,NA,NA,NA,NA,NA,NA,NA,NA,NA,NA,NA,NA,NA,NA,NA,NA
"88",2018-03-29,678,1,196,62,2,0,0,164,14,1,"SFN","LAN","D",NA,"LOS03",53595,175,"Dodger Stadium","Los Angeles","CA","1","03-29-2018","vs San Francisco Giants","0-1","L","0-1",NA,NA,NA,NA,NA,NA
"89",2018-03-30,620,0,158,62,3,0,0,181,9,4,"SFN","LAN","N",NA,"LOS03",53478,143,"Dodger Stadium","Los Angeles","CA","2","03-30-2018","vs San Francisco Giants","0-1","L","0-2",NA,NA,NA,NA,NA,NA
"90",2018-03-31,670,2,175,65,4,0,0,174,6,8,"SFN","LAN","N",NA,"LOS03",45938,163,"Dodger Stadium","Los Angeles","CA","3","03-31-2018","vs San Francisco Giants","5-0","W","1-2",NA,NA,NA,NA,NA,NA
"91",2018-04-01,796,1,205,54,3,0,0,207,14,12,"SFN","LAN","N",NA,"LOS03",41866,167,"Dodger Stadium","Los Angeles","CA","4","04-01-2018","vs San Francisco Giants","9-0","W","2-2",NA,NA,NA,NA,NA,NA
"92",2018-04-02,645,1,152,51,1,0,0,196,12,4,NA,NA,NA,NA,NA,NA,NA,NA,NA,NA,NA,NA,NA,NA,NA,NA,NA,NA,NA,NA,NA,NA
"93",2018-04-03,648,0,179,60,5,0,0,180,6,3,NA,NA,NA,NA,NA,NA,NA,NA,NA,NA,NA,NA,NA,NA,NA,NA,NA,NA,NA,NA,NA,NA
"94",2018-04-04,587,0,144,56,5,0,0,169,9,1,NA,NA,NA,NA,NA,NA,NA,NA,NA,NA,NA,NA,NA,NA,NA,NA,NA,NA,NA,NA,NA,NA
"95",2018-04-05,696,2,182,56,5,0,0,213,6,1,NA,NA,NA,NA,NA,NA,NA,NA,NA,NA,NA,NA,NA,NA,NA,NA,NA,NA,NA,NA,NA,NA
"96",2018-04-06,648,1,153,72,8,0,0,200,7,1,NA,NA,NA,NA,NA,NA,NA,NA,NA,NA,NA,NA,NA,NA,NA,NA,NA,NA,NA,NA,NA,NA
"97",2018-04-07,634,0,161,71,3,0,0,182,7,6,NA,NA,NA,NA,NA,NA,NA,NA,NA,NA,NA,NA,NA,NA,NA,NA,NA,NA,NA,NA,NA,NA
"98",2018-04-08,607,0,183,83,1,0,0,160,7,2,NA,NA,NA,NA,NA,NA,NA,NA,NA,NA,NA,NA,NA,NA,NA,NA,NA,NA,NA,NA,NA,NA
"99",2018-04-09,688,1,180,60,2,0,0,186,12,3,NA,NA,NA,NA,NA,NA,NA,NA,NA,NA,NA,NA,NA,NA,NA,NA,NA,NA,NA,NA,NA,NA
"100",2018-04-10,614,0,134,57,7,0,0,193,6,3,"OAK","LAN","N",NA,"LOS03",41243,169,"Dodger Stadium","Los Angeles","CA","10","04-10-2018","vs Oakland Athletics","4-0","W","4-6",NA,NA,NA,NA,NA,NA
"101",2018-04-11,595,2,136,55,2,0,0,166,9,1,"OAK","LAN","N",NA,"LOS03",49394,230,"Dodger Stadium","Los Angeles","CA","11","04-11-2018","vs Oakland Athletics","6-16","L","4-7",NA,NA,NA,NA,NA,NA
"102",2018-04-12,649,0,157,67,2,0,0,182,12,3,NA,NA,NA,NA,NA,NA,NA,NA,NA,NA,NA,NA,NA,NA,NA,NA,NA,NA,NA,NA,NA,NA
"103",2018-04-13,647,0,172,65,3,0,0,188,8,1,"ARI","LAN","N",NA,"LOS03",43791,210,"Dodger Stadium","Los Angeles","CA","12","04-13-2018","vs Arizona Diamondbacks","7-8","L","4-8",NA,NA,NA,NA,NA,NA
"104",2018-04-14,691,1,194,71,4,0,0,196,6,2,"ARI","LAN","N",NA,"LOS03",44306,190,"Dodger Stadium","Los Angeles","CA","13","04-14-2018","vs Arizona Diamondbacks","1-9","L","4-9",NA,NA,NA,NA,NA,NA
"105",2018-04-15,588,0,175,51,2,0,0,172,7,3,"ARI","LAN","D",NA,"LOS03",47527,189,"Dodger Stadium","Los Angeles","CA","14","04-15-2018","vs Arizona Diamondbacks","7-2","W","5-9",NA,NA,NA,NA,NA,NA
"106",2018-04-16,620,1,162,55,4,0,0,188,9,1,NA,NA,NA,NA,NA,NA,NA,NA,NA,NA,NA,NA,NA,NA,NA,NA,NA,NA,NA,NA,NA,NA
"107",2018-04-17,630,2,150,53,1,0,0,171,17,3,NA,NA,NA,NA,NA,NA,NA,NA,NA,NA,NA,NA,NA,NA,NA,NA,NA,NA,NA,NA,NA,NA
"108",2018-04-18,682,0,192,71,6,0,0,185,8,2,NA,NA,NA,NA,NA,NA,NA,NA,NA,NA,NA,NA,NA,NA,NA,NA,NA,NA,NA,NA,NA,NA
"109",2018-04-19,584,2,137,56,3,0,0,160,9,2,NA,NA,NA,NA,NA,NA,NA,NA,NA,NA,NA,NA,NA,NA,NA,NA,NA,NA,NA,NA,NA,NA
"110",2018-04-20,712,3,159,58,7,0,0,222,10,1,"WAS","LAN","N",NA,"LOS03",50211,189,"Dodger Stadium","Los Angeles","CA","18","04-20-2018","vs Washington Nationals","2-5","L","8-10",NA,NA,NA,NA,NA,NA
"111",2018-04-21,636,0,165,63,3,0,0,200,14,1,"WAS","LAN","N",NA,"LOS03",50908,149,"Dodger Stadium","Los Angeles","CA","19","04-21-2018","vs Washington Nationals","4-0","W","9-10",NA,NA,NA,NA,NA,NA
"112",2018-04-22,654,1,184,81,6,0,0,164,5,6,"WAS","LAN","N",NA,"LOS03",51297,201,"Dodger Stadium","Los Angeles","CA","20","04-22-2018","vs Washington Nationals","4-3","W","10-10",NA,NA,NA,NA,NA,NA
"113",2018-04-23,636,0,176,46,6,0,0,186,8,4,"MIA","LAN","N",NA,"LOS03",46909,179,"Dodger Stadium","Los Angeles","CA","21","04-23-2018","vs Miami Marlins","2-1","W","11-10",NA,NA,NA,NA,NA,NA
"114",2018-04-24,625,1,143,61,1,0,0,182,13,4,"MIA","LAN","N",NA,"LOS03",39284,186,"Dodger Stadium","Los Angeles","CA","22","04-24-2018","vs Miami Marlins","2-3","L","11-11",NA,NA,NA,NA,NA,NA
"115",2018-04-25,599,2,150,62,0,0,0,171,6,2,"MIA","LAN","D",NA,"LOS03",39004,234,"Dodger Stadium","Los Angeles","CA","23","04-25-2018","vs Miami Marlins","6-8","L","11-12",NA,NA,NA,NA,NA,NA
"116",2018-04-26,614,4,160,54,3,0,0,182,11,3,NA,NA,NA,NA,NA,NA,NA,NA,NA,NA,NA,NA,NA,NA,NA,NA,NA,NA,NA,NA,NA,NA
"117",2018-04-27,685,1,180,57,4,0,0,197,13,3,NA,NA,NA,NA,NA,NA,NA,NA,NA,NA,NA,NA,NA,NA,NA,NA,NA,NA,NA,NA,NA,NA
"118",2018-04-28,624,0,187,58,4,0,0,187,10,2,NA,NA,NA,NA,NA,NA,NA,NA,NA,NA,NA,NA,NA,NA,NA,NA,NA,NA,NA,NA,NA,NA
"119",2018-04-29,605,1,168,48,4,0,0,169,9,4,NA,NA,NA,NA,NA,NA,NA,NA,NA,NA,NA,NA,NA,NA,NA,NA,NA,NA,NA,NA,NA,NA
"120",2018-04-30,667,1,166,52,5,0,0,186,9,3,NA,NA,NA,NA,NA,NA,NA,NA,NA,NA,NA,NA,NA,NA,NA,NA,NA,NA,NA,NA,NA,NA
"121",2018-05-01,839,1,195,75,6,0,0,198,11,21,NA,NA,NA,NA,NA,NA,NA,NA,NA,NA,NA,NA,NA,NA,NA,NA,NA,NA,NA,NA,NA,NA
"122",2018-05-02,608,1,158,51,6,0,0,157,13,2,NA,NA,NA,NA,NA,NA,NA,NA,NA,NA,NA,NA,NA,NA,NA,NA,NA,NA,NA,NA,NA,NA
"123",2018-05-03,627,0,154,61,5,0,0,189,7,3,NA,NA,NA,NA,NA,NA,NA,NA,NA,NA,NA,NA,NA,NA,NA,NA,NA,NA,NA,NA,NA,NA
"124",2018-05-04,714,3,200,76,5,0,0,185,13,3,NA,NA,NA,NA,NA,NA,NA,NA,NA,NA,NA,NA,NA,NA,NA,NA,NA,NA,NA,NA,NA,NA
"125",2018-05-05,684,3,189,94,3,0,0,186,9,5,NA,NA,NA,NA,NA,NA,NA,NA,NA,NA,NA,NA,NA,NA,NA,NA,NA,NA,NA,NA,NA,NA
"126",2018-05-06,563,2,175,73,4,0,0,143,6,4,NA,NA,NA,NA,NA,NA,NA,NA,NA,NA,NA,NA,NA,NA,NA,NA,NA,NA,NA,NA,NA,NA
"127",2018-05-07,666,0,150,59,6,0,0,190,11,0,NA,NA,NA,NA,NA,NA,NA,NA,NA,NA,NA,NA,NA,NA,NA,NA,NA,NA,NA,NA,NA,NA
"128",2018-05-08,564,1,160,50,5,0,0,154,9,2,"ARI","LAN","N",NA,"LOS03",45894,269,"Dodger Stadium","Los Angeles","CA","35","05-08-2018","vs Arizona Diamondbacks","5-8","L","15-20",NA,NA,NA,NA,NA,NA
"129",2018-05-09,600,2,158,55,3,0,0,168,8,3,"ARI","LAN","N",NA,"LOS03",45600,228,"Dodger Stadium","Los Angeles","CA","36","05-09-2018","vs Arizona Diamondbacks","6-3","W","16-20",NA,NA,NA,NA,NA,NA
"130",2018-05-10,651,0,161,59,6,0,0,190,4,1,"CIN","LAN","N",NA,"LOS03",47383,179,"Dodger Stadium","Los Angeles","CA","37","05-10-2018","vs Cincinnati Reds","1-4","L","16-21",NA,NA,NA,NA,NA,NA
"131",2018-05-11,640,0,162,59,3,0,0,198,11,0,"CIN","LAN","N",NA,"LOS03",46979,208,"Dodger Stadium","Los Angeles","CA","38","05-11-2018","vs Cincinnati Reds","2-6","L","16-22",NA,NA,NA,NA,NA,NA
"132",2018-05-12,648,0,170,63,1,0,0,192,21,3,"CIN","LAN","N",NA,"LOS03",49911,197,"Dodger Stadium","Los Angeles","CA","39","05-12-2018","vs Cincinnati Reds","3-5","L","16-23",NA,NA,NA,NA,NA,NA
"133",2018-05-13,645,2,200,76,2,0,0,171,10,5,"CIN","LAN","D",NA,"LOS03",44787,175,"Dodger Stadium","Los Angeles","CA","40","05-13-2018","vs Cincinnati Reds","3-5","L","16-24",NA,NA,NA,NA,NA,NA
"134",2018-05-14,597,0,153,35,4,0,0,175,14,4,NA,NA,NA,NA,NA,NA,NA,NA,NA,NA,NA,NA,NA,NA,NA,NA,NA,NA,NA,NA,NA,NA
"135",2018-05-15,649,1,139,45,6,0,0,213,9,2,NA,NA,NA,NA,NA,NA,NA,NA,NA,NA,NA,NA,NA,NA,NA,NA,NA,NA,NA,NA,NA,NA
"136",2018-05-16,620,1,160,56,3,0,0,183,10,2,NA,NA,NA,NA,NA,NA,NA,NA,NA,NA,NA,NA,NA,NA,NA,NA,NA,NA,NA,NA,NA,NA
"137",2018-05-17,625,1,148,55,1,0,0,184,7,7,NA,NA,NA,NA,NA,NA,NA,NA,NA,NA,NA,NA,NA,NA,NA,NA,NA,NA,NA,NA,NA,NA
"138",2018-05-18,743,1,190,78,2,0,0,236,10,4,NA,NA,NA,NA,NA,NA,NA,NA,NA,NA,NA,NA,NA,NA,NA,NA,NA,NA,NA,NA,NA,NA
"139",2018-05-19,599,5,167,65,3,0,0,165,9,3,NA,NA,NA,NA,NA,NA,NA,NA,NA,NA,NA,NA,NA,NA,NA,NA,NA,NA,NA,NA,NA,NA
"140",2018-05-20,701,2,209,70,2,0,0,201,14,4,NA,NA,NA,NA,NA,NA,NA,NA,NA,NA,NA,NA,NA,NA,NA,NA,NA,NA,NA,NA,NA,NA
"141",2018-05-21,635,2,145,61,7,0,0,177,13,2,"COL","LAN","N",NA,"LOS03",42805,155,"Dodger Stadium","Los Angeles","CA","47","05-21-2018","vs Colorado Rockies","1-2","L","20-27",NA,NA,NA,NA,NA,NA
"142",2018-05-22,594,3,146,47,5,0,0,183,11,2,"COL","LAN","N",NA,"LOS03",43719,168,"Dodger Stadium","Los Angeles","CA","48","05-22-2018","vs Colorado Rockies","5-3","W","21-27",NA,NA,NA,NA,NA,NA
"143",2018-05-23,602,2,118,49,2,0,0,190,9,6,"COL","LAN","N",NA,"LOS03",45884,158,"Dodger Stadium","Los Angeles","CA","49","05-23-2018","vs Colorado Rockies","3-0","W","22-27",NA,NA,NA,NA,NA,NA
"144",2018-05-24,689,1,177,55,4,0,0,219,6,2,NA,NA,NA,NA,NA,NA,NA,NA,NA,NA,NA,NA,NA,NA,NA,NA,NA,NA,NA,NA,NA,NA
"145",2018-05-25,707,1,183,66,2,0,0,213,6,0,"SDN","LAN","N",NA,"LOS03",44612,146,"Dodger Stadium","Los Angeles","CA","50","05-25-2018","vs San Diego Padres","4-1","W","23-27",NA,NA,NA,NA,NA,NA
"146",2018-05-26,653,5,164,47,4,0,0,222,7,1,"SDN","LAN","N",NA,"LOS03",43920,192,"Dodger Stadium","Los Angeles","CA","51","05-26-2018","vs San Diego Padres","5-7","L","23-28",NA,NA,NA,NA,NA,NA
"147",2018-05-27,636,0,206,74,0,0,0,175,11,4,"SDN","LAN","D",NA,"LOS03",46650,146,"Dodger Stadium","Los Angeles","CA","52","05-27-2018","vs San Diego Padres","6-1","W","24-28",NA,NA,NA,NA,NA,NA
"148",2018-05-28,643,0,186,68,5,0,0,180,11,2,"PHI","LAN","N",NA,"LOS03",39759,212,"Dodger Stadium","Los Angeles","CA","53","05-28-2018","vs Philadelphia Phillies","5-4","W","25-28",NA,NA,NA,NA,NA,NA
"149",2018-05-29,634,1,131,61,6,0,0,171,10,3,"PHI","LAN","N",NA,"LOS03",40044,206,"Dodger Stadium","Los Angeles","CA","54","05-29-2018","vs Philadelphia Phillies","1-6","L","25-29",NA,NA,NA,NA,NA,NA
"150",2018-05-30,659,0,149,61,8,0,0,206,10,5,"PHI","LAN","N",NA,"LOS03",43302,183,"Dodger Stadium","Los Angeles","CA","55","05-30-2018","vs Philadelphia Phillies","8-2","W","26-29",NA,NA,NA,NA,NA,NA
"151",2018-05-31,712,0,186,62,5,0,0,193,12,6,"PHI","LAN","D",NA,"LOS03",40986,160,"Dodger Stadium","Los Angeles","CA","56","05-31-2018","vs Philadelphia Phillies","1-2","L","26-30",NA,NA,NA,NA,NA,NA
"152",2018-06-01,858,1,194,61,3,0,0,230,7,19,NA,NA,NA,NA,NA,NA,NA,NA,NA,NA,NA,NA,NA,NA,NA,NA,NA,NA,NA,NA,NA,NA
"153",2018-06-02,628,1,180,58,1,0,0,183,12,4,NA,NA,NA,NA,NA,NA,NA,NA,NA,NA,NA,NA,NA,NA,NA,NA,NA,NA,NA,NA,NA,NA
"154",2018-06-03,691,0,210,69,2,0,0,167,13,2,NA,NA,NA,NA,NA,NA,NA,NA,NA,NA,NA,NA,NA,NA,NA,NA,NA,NA,NA,NA,NA,NA
"155",2018-06-04,645,1,153,70,8,0,0,189,12,4,NA,NA,NA,NA,NA,NA,NA,NA,NA,NA,NA,NA,NA,NA,NA,NA,NA,NA,NA,NA,NA,NA
"156",2018-06-05,622,0,171,58,2,0,0,175,12,2,NA,NA,NA,NA,NA,NA,NA,NA,NA,NA,NA,NA,NA,NA,NA,NA,NA,NA,NA,NA,NA,NA
"157",2018-06-06,633,0,163,57,4,0,0,175,12,1,NA,NA,NA,NA,NA,NA,NA,NA,NA,NA,NA,NA,NA,NA,NA,NA,NA,NA,NA,NA,NA,NA
"158",2018-06-07,640,1,145,58,4,0,0,214,9,1,NA,NA,NA,NA,NA,NA,NA,NA,NA,NA,NA,NA,NA,NA,NA,NA,NA,NA,NA,NA,NA,NA
"159",2018-06-08,724,1,179,77,5,0,0,219,13,4,"ATL","LAN","N",NA,"LOS03",47262,172,"Dodger Stadium","Los Angeles","CA","63","06-08-2018","vs Atlanta Braves","7-3","W","32-31",NA,NA,NA,NA,NA,NA
"160",2018-06-09,640,0,182,64,3,0,0,184,6,2,"ATL","LAN","N",NA,"LOS03",52718,191,"Dodger Stadium","Los Angeles","CA","64","06-09-2018","vs Atlanta Braves","3-5","L","32-32",NA,NA,NA,NA,NA,NA
"161",2018-06-10,658,0,216,71,2,0,0,162,5,1,"ATL","LAN","D",NA,"LOS03",47711,157,"Dodger Stadium","Los Angeles","CA","65","06-10-2018","vs Atlanta Braves","7-2","W","33-32",NA,NA,NA,NA,NA,NA
"162",2018-06-11,665,1,178,49,8,0,0,171,12,2,NA,NA,NA,NA,NA,NA,NA,NA,NA,NA,NA,NA,NA,NA,NA,NA,NA,NA,NA,NA,NA,NA
"163",2018-06-12,604,0,145,57,3,0,0,186,9,3,"TEX","LAN","N",NA,"LOS03",48233,188,"Dodger Stadium","Los Angeles","CA","66","06-12-2018","vs Texas Rangers","12-5","W","34-32",NA,NA,NA,NA,NA,NA
"164",2018-06-13,670,1,162,62,8,0,0,196,7,4,"TEX","LAN","N",NA,"LOS03",41303,229,"Dodger Stadium","Los Angeles","CA","67","06-13-2018","vs Texas Rangers","3-2","W","35-32",NA,NA,NA,NA,NA,NA
"165",2018-06-14,633,1,169,51,4,0,0,180,11,1,NA,NA,NA,NA,NA,NA,NA,NA,NA,NA,NA,NA,NA,NA,NA,NA,NA,NA,NA,NA,NA,NA
"166",2018-06-15,714,1,182,61,2,0,0,212,10,4,"SFN","LAN","N",NA,"LOS03",53433,173,"Dodger Stadium","Los Angeles","CA","68","06-15-2018","vs San Francisco Giants","3-2","W","36-32",NA,NA,NA,NA,NA,NA
"167",2018-06-16,633,0,157,63,6,0,0,183,10,4,"SFN","LAN","N",NA,"LOS03",53706,170,"Dodger Stadium","Los Angeles","CA","69","06-16-2018","vs San Francisco Giants","3-1","W","37-32",NA,NA,NA,NA,NA,NA
"168",2018-06-17,612,3,166,65,7,0,0,174,10,7,"SFN","LAN","D",NA,"LOS03",49541,174,"Dodger Stadium","Los Angeles","CA","70","06-17-2018","vs San Francisco Giants","1-4","L","37-33",NA,NA,NA,NA,NA,NA
"169",2018-06-18,603,3,166,53,2,0,0,196,9,0,NA,NA,NA,NA,NA,NA,NA,NA,NA,NA,NA,NA,NA,NA,NA,NA,NA,NA,NA,NA,NA,NA
"170",2018-06-19,584,2,143,52,4,0,0,170,11,1,NA,NA,NA,NA,NA,NA,NA,NA,NA,NA,NA,NA,NA,NA,NA,NA,NA,NA,NA,NA,NA,NA
"171",2018-06-20,621,2,145,54,3,0,0,188,6,1,NA,NA,NA,NA,NA,NA,NA,NA,NA,NA,NA,NA,NA,NA,NA,NA,NA,NA,NA,NA,NA,NA
"172",2018-06-21,607,0,152,56,0,0,0,183,12,3,NA,NA,NA,NA,NA,NA,NA,NA,NA,NA,NA,NA,NA,NA,NA,NA,NA,NA,NA,NA,NA,NA
"173",2018-06-22,638,0,147,56,3,0,0,200,14,3,NA,NA,NA,NA,NA,NA,NA,NA,NA,NA,NA,NA,NA,NA,NA,NA,NA,NA,NA,NA,NA,NA
"174",2018-06-23,665,1,188,67,1,0,0,220,3,3,NA,NA,NA,NA,NA,NA,NA,NA,NA,NA,NA,NA,NA,NA,NA,NA,NA,NA,NA,NA,NA,NA
"175",2018-06-24,682,1,205,65,3,0,0,225,12,2,NA,NA,NA,NA,NA,NA,NA,NA,NA,NA,NA,NA,NA,NA,NA,NA,NA,NA,NA,NA,NA,NA
"176",2018-06-25,660,1,180,73,4,0,0,162,9,1,"CHN","LAN","N",NA,"LOS03",41750,152,"Dodger Stadium","Los Angeles","CA","77","06-25-2018","vs Chicago Cubs","2-1","W","42-35",NA,NA,NA,NA,NA,NA
"177",2018-06-26,620,0,174,60,2,0,0,189,9,3,"CHN","LAN","N",NA,"LOS03",53904,206,"Dodger Stadium","Los Angeles","CA","78","06-26-2018","vs Chicago Cubs","4-9","L","42-36",NA,NA,NA,NA,NA,NA
"178",2018-06-27,647,4,172,49,6,0,0,198,9,2,"CHN","LAN","N",NA,"LOS03",42121,188,"Dodger Stadium","Los Angeles","CA","79","06-27-2018","vs Chicago Cubs","7-5","W","43-36",NA,NA,NA,NA,NA,NA
"179",2018-06-28,595,0,153,60,4,0,0,176,11,3,"CHN","LAN","D",NA,"LOS03",52187,183,"Dodger Stadium","Los Angeles","CA","80","06-28-2018","vs Chicago Cubs","5-11","L","43-37",NA,NA,NA,NA,NA,NA
"180",2018-06-29,628,0,152,50,4,0,0,182,5,4,"COL","LAN","N",NA,"LOS03",41909,159,"Dodger Stadium","Los Angeles","CA","81","06-29-2018","vs Colorado Rockies","1-3","L","43-38",NA,NA,NA,NA,NA,NA
"181",2018-06-30,637,1,164,60,1,0,0,193,10,1,"COL","LAN","D",NA,"LOS03",46172,159,"Dodger Stadium","Los Angeles","CA","82","06-30-2018","vs Colorado Rockies","1-3","L","43-39",NA,NA,NA,NA,NA,NA
"182",2018-07-01,724,1,195,57,3,0,0,193,9,19,"COL","LAN","D",NA,"LOS03",45725,180,"Dodger Stadium","Los Angeles","CA","83","07-01-2018","vs Colorado Rockies","6-4","W","44-39",NA,NA,NA,NA,NA,NA
"183",2018-07-02,645,1,164,61,6,0,0,175,12,3,"PIT","LAN","N",NA,"LOS03",45207,200,"Dodger Stadium","Los Angeles","CA","84","07-02-2018","vs Pittsburgh Pirates","17-1","W","45-39",NA,NA,NA,NA,NA,NA
"184",2018-07-03,633,0,164,68,2,0,0,158,12,1,"PIT","LAN","N",NA,"LOS03",48819,177,"Dodger Stadium","Los Angeles","CA","85","07-03-2018","vs Pittsburgh Pirates","8-3","W","46-39",NA,NA,NA,NA,NA,NA
"185",2018-07-04,624,0,202,80,7,0,0,158,8,5,"PIT","LAN","N",NA,"LOS03",53139,203,"Dodger Stadium","Los Angeles","CA","86","07-04-2018","vs Pittsburgh Pirates","6-4","W","47-39",NA,NA,NA,NA,NA,NA
"186",2018-07-05,606,2,155,64,5,0,0,165,6,7,NA,NA,NA,NA,NA,NA,NA,NA,NA,NA,NA,NA,NA,NA,NA,NA,NA,NA,NA,NA,NA,NA
"187",2018-07-06,651,3,171,59,3,0,0,208,8,5,NA,NA,NA,NA,NA,NA,NA,NA,NA,NA,NA,NA,NA,NA,NA,NA,NA,NA,NA,NA,NA,NA
"188",2018-07-07,629,1,199,53,0,0,0,194,4,1,NA,NA,NA,NA,NA,NA,NA,NA,NA,NA,NA,NA,NA,NA,NA,NA,NA,NA,NA,NA,NA,NA
"189",2018-07-08,563,4,175,49,1,0,0,146,11,6,NA,NA,NA,NA,NA,NA,NA,NA,NA,NA,NA,NA,NA,NA,NA,NA,NA,NA,NA,NA,NA,NA
"190",2018-07-09,609,1,168,53,7,0,0,184,4,4,NA,NA,NA,NA,NA,NA,NA,NA,NA,NA,NA,NA,NA,NA,NA,NA,NA,NA,NA,NA,NA,NA
"191",2018-07-10,653,1,183,61,3,0,0,193,5,4,NA,NA,NA,NA,NA,NA,NA,NA,NA,NA,NA,NA,NA,NA,NA,NA,NA,NA,NA,NA,NA,NA
"192",2018-07-11,683,0,174,72,6,0,0,189,11,4,NA,NA,NA,NA,NA,NA,NA,NA,NA,NA,NA,NA,NA,NA,NA,NA,NA,NA,NA,NA,NA,NA
"193",2018-07-12,644,2,170,57,1,0,0,184,10,1,NA,NA,NA,NA,NA,NA,NA,NA,NA,NA,NA,NA,NA,NA,NA,NA,NA,NA,NA,NA,NA,NA
"194",2018-07-13,678,0,166,90,3,0,0,199,11,4,"ANA","LAN","N",NA,"LOS03",53368,193,"Dodger Stadium","Los Angeles","CA","94","07-13-2018","vs Los Angeles Angels","3-2","W","52-42",NA,NA,NA,NA,NA,NA
"195",2018-07-14,625,2,167,59,5,0,0,182,8,3,"ANA","LAN","D",NA,"LOS03",53797,227,"Dodger Stadium","Los Angeles","CA","95","07-14-2018","vs Los Angeles Angels","4-5","L","52-43",NA,NA,NA,NA,NA,NA
"196",2018-07-15,678,0,210,66,5,0,0,190,10,4,"ANA","LAN","D",NA,"LOS03",47871,190,"Dodger Stadium","Los Angeles","CA","96","07-15-2018","vs Los Angeles Angels","5-3","W","53-43",NA,NA,NA,NA,NA,NA
"197",2018-07-16,689,1,176,65,2,0,0,186,11,4,NA,NA,NA,NA,NA,NA,NA,NA,NA,NA,NA,NA,NA,NA,NA,NA,NA,NA,NA,NA,NA,NA
"198",2018-07-17,655,1,149,67,4,0,0,211,10,4,NA,NA,NA,NA,NA,NA,NA,NA,NA,NA,NA,NA,NA,NA,NA,NA,NA,NA,NA,NA,NA,NA
"199",2018-07-18,597,1,140,60,0,0,0,199,5,0,NA,NA,NA,NA,NA,NA,NA,NA,NA,NA,NA,NA,NA,NA,NA,NA,NA,NA,NA,NA,NA,NA
"200",2018-07-19,719,1,184,73,3,0,0,218,7,5,NA,NA,NA,NA,NA,NA,NA,NA,NA,NA,NA,NA,NA,NA,NA,NA,NA,NA,NA,NA,NA,NA
"201",2018-07-20,670,1,163,70,2,0,0,195,6,4,NA,NA,NA,NA,NA,NA,NA,NA,NA,NA,NA,NA,NA,NA,NA,NA,NA,NA,NA,NA,NA,NA
"202",2018-07-21,658,1,184,57,3,0,0,177,15,4,NA,NA,NA,NA,NA,NA,NA,NA,NA,NA,NA,NA,NA,NA,NA,NA,NA,NA,NA,NA,NA,NA
"203",2018-07-22,636,0,173,60,4,0,0,187,11,5,NA,NA,NA,NA,NA,NA,NA,NA,NA,NA,NA,NA,NA,NA,NA,NA,NA,NA,NA,NA,NA,NA
"204",2018-07-23,671,2,181,61,7,0,0,179,10,1,NA,NA,NA,NA,NA,NA,NA,NA,NA,NA,NA,NA,NA,NA,NA,NA,NA,NA,NA,NA,NA,NA
"205",2018-07-24,611,1,136,60,0,0,0,196,3,0,NA,NA,NA,NA,NA,NA,NA,NA,NA,NA,NA,NA,NA,NA,NA,NA,NA,NA,NA,NA,NA,NA
"206",2018-07-25,587,3,137,59,2,0,0,171,10,2,NA,NA,NA,NA,NA,NA,NA,NA,NA,NA,NA,NA,NA,NA,NA,NA,NA,NA,NA,NA,NA,NA
"207",2018-07-26,665,2,155,72,2,0,0,198,10,2,NA,NA,NA,NA,NA,NA,NA,NA,NA,NA,NA,NA,NA,NA,NA,NA,NA,NA,NA,NA,NA,NA
"208",2018-07-27,700,2,157,68,5,0,0,199,4,2,NA,NA,NA,NA,NA,NA,NA,NA,NA,NA,NA,NA,NA,NA,NA,NA,NA,NA,NA,NA,NA,NA
"209",2018-07-28,603,1,161,60,1,0,0,175,5,2,NA,NA,NA,NA,NA,NA,NA,NA,NA,NA,NA,NA,NA,NA,NA,NA,NA,NA,NA,NA,NA,NA
"210",2018-07-29,619,0,177,49,5,0,0,180,11,0,NA,NA,NA,NA,NA,NA,NA,NA,NA,NA,NA,NA,NA,NA,NA,NA,NA,NA,NA,NA,NA,NA
"211",2018-07-30,638,2,181,55,5,0,0,157,10,2,"MIL","LAN","N",NA,"LOS03",44933,224,"Dodger Stadium","Los Angeles","CA","107","07-30-2018","vs Milwaukee Brewers","2-5","L","59-48",NA,NA,NA,NA,NA,NA
"212",2018-07-31,667,0,171,57,3,0,0,189,14,10,"MIL","LAN","N",NA,"LOS03",44818,137,"Dodger Stadium","Los Angeles","CA","108","07-31-2018","vs Milwaukee Brewers","0-1","L","59-49",NA,NA,NA,NA,NA,NA
"213",2018-08-01,866,0,170,75,4,0,0,236,9,24,"MIL","LAN","N",NA,"LOS03",41686,199,"Dodger Stadium","Los Angeles","CA","109","08-01-2018","vs Milwaukee Brewers","6-4","W","60-49",NA,NA,NA,NA,NA,NA
"214",2018-08-02,608,3,139,44,4,0,0,168,13,3,"MIL","LAN","N",NA,"LOS03",45087,222,"Dodger Stadium","Los Angeles","CA","110","08-02-2018","vs Milwaukee Brewers","21-5","W","61-49",NA,NA,NA,NA,NA,NA
"215",2018-08-03,684,1,158,64,2,0,0,199,9,1,"HOU","LAN","N",NA,"LOS03",53598,179,"Dodger Stadium","Los Angeles","CA","111","08-03-2018","vs Houston Astros","1-2","L","61-50",NA,NA,NA,NA,NA,NA
"216",2018-08-04,656,1,179,64,5,0,0,200,11,1,"HOU","LAN","N",NA,"LOS03",53119,217,"Dodger Stadium","Los Angeles","CA","112","08-04-2018","vs Houston Astros","0-14","L","61-51",NA,NA,NA,NA,NA,NA
"217",2018-08-05,615,1,181,72,2,0,0,164,7,4,"HOU","LAN","D",NA,"LOS03",50628,174,"Dodger Stadium","Los Angeles","CA","113","08-05-2018","vs Houston Astros","3-2","W","62-51",NA,NA,NA,NA,NA,NA
"218",2018-08-06,616,0,154,52,1,0,0,193,6,3,NA,NA,NA,NA,NA,NA,NA,NA,NA,NA,NA,NA,NA,NA,NA,NA,NA,NA,NA,NA,NA,NA
"219",2018-08-07,602,0,158,54,2,0,0,181,7,4,NA,NA,NA,NA,NA,NA,NA,NA,NA,NA,NA,NA,NA,NA,NA,NA,NA,NA,NA,NA,NA,NA
"220",2018-08-08,657,0,162,67,4,0,0,196,13,3,NA,NA,NA,NA,NA,NA,NA,NA,NA,NA,NA,NA,NA,NA,NA,NA,NA,NA,NA,NA,NA,NA
"221",2018-08-09,641,0,162,60,6,0,0,166,13,2,NA,NA,NA,NA,NA,NA,NA,NA,NA,NA,NA,NA,NA,NA,NA,NA,NA,NA,NA,NA,NA,NA
"222",2018-08-10,653,2,174,55,1,0,0,190,15,3,NA,NA,NA,NA,NA,NA,NA,NA,NA,NA,NA,NA,NA,NA,NA,NA,NA,NA,NA,NA,NA,NA
"223",2018-08-11,660,1,189,60,6,0,0,207,15,5,NA,NA,NA,NA,NA,NA,NA,NA,NA,NA,NA,NA,NA,NA,NA,NA,NA,NA,NA,NA,NA,NA
"224",2018-08-12,625,1,186,62,3,0,0,181,11,1,NA,NA,NA,NA,NA,NA,NA,NA,NA,NA,NA,NA,NA,NA,NA,NA,NA,NA,NA,NA,NA,NA
"225",2018-08-13,580,2,146,42,3,0,0,175,10,7,"SFN","LAN","N",NA,"LOS03",45229,185,"Dodger Stadium","Los Angeles","CA","120","08-13-2018","vs San Francisco Giants","2-5","L","64-56",NA,NA,NA,NA,NA,NA
"226",2018-08-14,638,1,146,48,6,0,0,197,9,6,"SFN","LAN","N",NA,"LOS03",46734,189,"Dodger Stadium","Los Angeles","CA","121","08-14-2018","vs San Francisco Giants","1-2","L","64-57",NA,NA,NA,NA,NA,NA
"227",2018-08-15,633,2,152,49,8,0,0,173,11,3,"SFN","LAN","N",NA,"LOS03",44987,245,"Dodger Stadium","Los Angeles","CA","122","08-15-2018","vs San Francisco Giants","4-3","W","65-57",NA,NA,NA,NA,NA,NA
"228",2018-08-16,659,0,180,62,5,0,0,190,11,1,NA,NA,NA,NA,NA,NA,NA,NA,NA,NA,NA,NA,NA,NA,NA,NA,NA,NA,NA,NA,NA,NA
"229",2018-08-17,619,1,152,52,4,0,0,174,10,1,NA,NA,NA,NA,NA,NA,NA,NA,NA,NA,NA,NA,NA,NA,NA,NA,NA,NA,NA,NA,NA,NA
"230",2018-08-18,662,1,191,63,3,0,0,191,10,2,NA,NA,NA,NA,NA,NA,NA,NA,NA,NA,NA,NA,NA,NA,NA,NA,NA,NA,NA,NA,NA,NA
"231",2018-08-19,630,0,186,68,1,0,0,183,11,4,NA,NA,NA,NA,NA,NA,NA,NA,NA,NA,NA,NA,NA,NA,NA,NA,NA,NA,NA,NA,NA,NA
"232",2018-08-20,627,1,154,64,6,0,0,174,11,2,"SLN","LAN","N",NA,"LOS03",42402,250,"Dodger Stadium","Los Angeles","CA","126","08-20-2018","vs St. Louis Cardinals","3-5","L","67-59",NA,NA,NA,NA,NA,NA
"233",2018-08-21,647,1,159,57,2,0,0,184,15,1,"SLN","LAN","N",NA,"LOS03",43923,205,"Dodger Stadium","Los Angeles","CA","127","08-21-2018","vs St. Louis Cardinals","2-5","L","67-60",NA,NA,NA,NA,NA,NA
"234",2018-08-22,570,1,148,55,2,0,0,180,5,6,"SLN","LAN","N",NA,"LOS03",48247,182,"Dodger Stadium","Los Angeles","CA","128","08-22-2018","vs St. Louis Cardinals","1-3","L","67-61",NA,NA,NA,NA,NA,NA
"235",2018-08-23,619,1,141,69,5,0,0,198,5,3,NA,NA,NA,NA,NA,NA,NA,NA,NA,NA,NA,NA,NA,NA,NA,NA,NA,NA,NA,NA,NA,NA
"236",2018-08-24,642,1,165,55,3,0,0,196,6,0,"SDN","LAN","N",NA,"LOS03",47559,168,"Dodger Stadium","Los Angeles","CA","129","08-24-2018","vs San Diego Padres","11-1","W","68-61",NA,NA,NA,NA,NA,NA
"237",2018-08-25,568,1,148,55,6,0,0,170,4,2,"SDN","LAN","N",NA,"LOS03",53528,206,"Dodger Stadium","Los Angeles","CA","130","08-25-2018","vs San Diego Padres","5-4","W","69-61",NA,NA,NA,NA,NA,NA
"238",2018-08-26,571,1,165,47,2,0,0,160,8,1,"SDN","LAN","D",NA,"LOS03",43252,187,"Dodger Stadium","Los Angeles","CA","131","08-26-2018","vs San Diego Padres","7-3","W","70-61",NA,NA,NA,NA,NA,NA
"239",2018-08-27,621,1,143,49,4,0,0,196,7,3,NA,NA,NA,NA,NA,NA,NA,NA,NA,NA,NA,NA,NA,NA,NA,NA,NA,NA,NA,NA,NA,NA
"240",2018-08-28,615,1,164,47,6,0,0,169,13,3,NA,NA,NA,NA,NA,NA,NA,NA,NA,NA,NA,NA,NA,NA,NA,NA,NA,NA,NA,NA,NA,NA
"241",2018-08-29,676,1,183,55,5,0,0,200,9,3,NA,NA,NA,NA,NA,NA,NA,NA,NA,NA,NA,NA,NA,NA,NA,NA,NA,NA,NA,NA,NA,NA
"242",2018-08-30,630,1,138,51,5,0,0,195,5,1,"ARI","LAN","N",NA,"LOS03",45150,194,"Dodger Stadium","Los Angeles","CA","134","08-30-2018","vs Arizona Diamondbacks","1-3","L","72-62",NA,NA,NA,NA,NA,NA
"243",2018-08-31,739,1,169,60,4,0,0,218,11,7,"ARI","LAN","N",NA,"LOS03",48965,153,"Dodger Stadium","Los Angeles","CA","135","08-31-2018","vs Arizona Diamondbacks","3-2","W","73-62",NA,NA,NA,NA,NA,NA
"244",2018-09-01,787,1,203,63,3,0,0,199,8,14,"ARI","LAN","N",NA,"LOS03",52394,179,"Dodger Stadium","Los Angeles","CA","136","09-01-2018","vs Arizona Diamondbacks","3-2","W","74-62",NA,NA,NA,NA,NA,NA
"245",2018-09-02,582,0,164,76,7,0,0,146,9,4,"ARI","LAN","D",NA,"LOS03",48517,215,"Dodger Stadium","Los Angeles","CA","137","09-02-2018","vs Arizona Diamondbacks","3-2","W","75-62",NA,NA,NA,NA,NA,NA
"246",2018-09-03,576,1,148,56,3,0,0,146,12,3,"NYN","LAN","N",NA,"LOS03",45206,210,"Dodger Stadium","Los Angeles","CA","138","09-03-2018","vs New York Mets","2-4","L","75-63",NA,NA,NA,NA,NA,NA
"247",2018-09-04,577,0,133,47,1,0,0,200,4,1,"NYN","LAN","N",NA,"LOS03",46651,197,"Dodger Stadium","Los Angeles","CA","139","09-04-2018","vs New York Mets","11-4","W","76-63",NA,NA,NA,NA,NA,NA
"248",2018-09-05,576,1,138,47,4,0,0,190,7,0,"NYN","LAN","D",NA,"LOS03",40317,159,"Dodger Stadium","Los Angeles","CA","140","09-05-2018","vs New York Mets","3-7","L","76-64",NA,NA,NA,NA,NA,NA
"249",2018-09-06,597,0,172,55,5,0,0,181,10,0,NA,NA,NA,NA,NA,NA,NA,NA,NA,NA,NA,NA,NA,NA,NA,NA,NA,NA,NA,NA,NA,NA
"250",2018-09-07,626,3,138,64,6,0,0,194,8,5,NA,NA,NA,NA,NA,NA,NA,NA,NA,NA,NA,NA,NA,NA,NA,NA,NA,NA,NA,NA,NA,NA
"251",2018-09-08,619,0,170,56,3,0,0,186,8,2,NA,NA,NA,NA,NA,NA,NA,NA,NA,NA,NA,NA,NA,NA,NA,NA,NA,NA,NA,NA,NA,NA
"252",2018-09-09,559,0,146,66,6,0,0,166,5,1,NA,NA,NA,NA,NA,NA,NA,NA,NA,NA,NA,NA,NA,NA,NA,NA,NA,NA,NA,NA,NA,NA
"253",2018-09-10,664,0,186,62,7,0,0,171,9,2,NA,NA,NA,NA,NA,NA,NA,NA,NA,NA,NA,NA,NA,NA,NA,NA,NA,NA,NA,NA,NA,NA
"254",2018-09-11,548,1,131,57,6,0,0,172,12,2,NA,NA,NA,NA,NA,NA,NA,NA,NA,NA,NA,NA,NA,NA,NA,NA,NA,NA,NA,NA,NA,NA
"255",2018-09-12,629,0,151,53,4,0,0,189,17,0,NA,NA,NA,NA,NA,NA,NA,NA,NA,NA,NA,NA,NA,NA,NA,NA,NA,NA,NA,NA,NA,NA
"256",2018-09-13,623,0,150,47,5,0,0,191,10,1,NA,NA,NA,NA,NA,NA,NA,NA,NA,NA,NA,NA,NA,NA,NA,NA,NA,NA,NA,NA,NA,NA
"257",2018-09-14,638,1,160,63,3,0,0,189,10,4,NA,NA,NA,NA,NA,NA,NA,NA,NA,NA,NA,NA,NA,NA,NA,NA,NA,NA,NA,NA,NA,NA
"258",2018-09-15,666,2,173,68,4,0,0,204,11,0,NA,NA,NA,NA,NA,NA,NA,NA,NA,NA,NA,NA,NA,NA,NA,NA,NA,NA,NA,NA,NA,NA
"259",2018-09-16,588,3,194,51,3,0,0,162,12,3,NA,NA,NA,NA,NA,NA,NA,NA,NA,NA,NA,NA,NA,NA,NA,NA,NA,NA,NA,NA,NA,NA
"260",2018-09-17,614,1,162,50,5,0,0,192,6,3,"COL","LAN","N",NA,"LOS03",45970,187,"Dodger Stadium","Los Angeles","CA","151","09-17-2018","vs Colorado Rockies","8-2","W","83-68",NA,NA,NA,NA,NA,NA
"261",2018-09-18,625,1,171,54,2,0,0,163,11,3,"COL","LAN","N",NA,"LOS03",49537,193,"Dodger Stadium","Los Angeles","CA","152","09-18-2018","vs Colorado Rockies","3-2","W","84-68",NA,NA,NA,NA,NA,NA
"262",2018-09-19,582,2,147,44,5,0,0,161,12,2,"COL","LAN","N",NA,"LOS03",50141,185,"Dodger Stadium","Los Angeles","CA","153","09-19-2018","vs Colorado Rockies","5-2","W","85-68",NA,NA,NA,NA,NA,NA
"263",2018-09-20,643,2,137,62,0,0,0,209,11,2,NA,NA,NA,NA,NA,NA,NA,NA,NA,NA,NA,NA,NA,NA,NA,NA,NA,NA,NA,NA,NA,NA
"264",2018-09-21,656,3,159,60,4,0,0,205,9,3,"SDN","LAN","N",NA,"LOS03",52458,237,"Dodger Stadium","Los Angeles","CA","154","09-21-2018","vs San Diego Padres","3-5","L","85-69",NA,NA,NA,NA,NA,NA
"265",2018-09-22,685,1,190,62,1,0,0,214,11,1,"SDN","LAN","N",NA,"LOS03",53536,171,"Dodger Stadium","Los Angeles","CA","155","09-22-2018","vs San Diego Padres","7-2","W","86-69",NA,NA,NA,NA,NA,NA
"266",2018-09-23,609,2,157,51,2,0,0,190,11,4,"SDN","LAN","D",NA,"LOS03",50250,191,"Dodger Stadium","Los Angeles","CA","156","09-23-2018","vs San Diego Padres","14-0","W","87-69",NA,NA,NA,NA,NA,NA
"267",2018-09-24,655,0,167,44,4,0,0,194,9,5,NA,NA,NA,NA,NA,NA,NA,NA,NA,NA,NA,NA,NA,NA,NA,NA,NA,NA,NA,NA,NA,NA
"268",2018-09-25,601,1,133,46,5,0,0,200,9,5,NA,NA,NA,NA,NA,NA,NA,NA,NA,NA,NA,NA,NA,NA,NA,NA,NA,NA,NA,NA,NA,NA
"269",2018-09-26,605,1,139,49,5,0,0,190,14,2,NA,NA,NA,NA,NA,NA,NA,NA,NA,NA,NA,NA,NA,NA,NA,NA,NA,NA,NA,NA,NA,NA
"270",2018-09-27,592,0,147,52,4,0,0,189,8,4,NA,NA,NA,NA,NA,NA,NA,NA,NA,NA,NA,NA,NA,NA,NA,NA,NA,NA,NA,NA,NA,NA
"271",2018-09-28,663,2,183,61,3,0,0,189,10,3,NA,NA,NA,NA,NA,NA,NA,NA,NA,NA,NA,NA,NA,NA,NA,NA,NA,NA,NA,NA,NA,NA
"272",2018-09-29,590,2,172,63,3,0,0,164,7,0,NA,NA,NA,NA,NA,NA,NA,NA,NA,NA,NA,NA,NA,NA,NA,NA,NA,NA,NA,NA,NA,NA
"273",2018-09-30,588,0,180,59,2,0,0,149,16,2,NA,NA,NA,NA,NA,NA,NA,NA,NA,NA,NA,NA,NA,NA,NA,NA,NA,NA,NA,NA,NA,NA
"274",2018-10-01,862,3,219,77,3,0,0,229,6,22,"COL","LAN","D",NA,"LOS03",47816,201,"Dodger Stadium","Los Angeles","CA","163","10-01-2018","vs Colorado Rockies","5-2","W","92-71",NA,NA,NA,NA,NA,NA
"275",2018-10-02,582,1,134,53,0,0,0,179,9,4,NA,NA,NA,NA,NA,NA,NA,NA,NA,NA,NA,NA,NA,NA,NA,NA,NA,NA,NA,NA,NA,NA
"276",2018-10-03,637,1,153,53,9,0,0,187,5,2,NA,NA,NA,NA,NA,NA,NA,NA,NA,NA,NA,NA,NA,NA,NA,NA,NA,NA,NA,NA,NA,NA
"277",2018-10-04,585,2,124,54,3,0,0,190,7,2,NA,NA,NA,NA,NA,NA,NA,NA,NA,NA,NA,NA,NA,NA,NA,NA,NA,NA,NA,NA,NA,NA
"278",2018-10-05,711,1,194,55,1,0,0,212,14,0,NA,NA,NA,NA,NA,NA,NA,NA,NA,NA,NA,NA,NA,NA,NA,NA,NA,NA,NA,NA,NA,NA
"279",2018-10-06,678,3,199,66,6,0,0,197,7,3,NA,NA,NA,NA,NA,NA,NA,NA,NA,NA,NA,NA,NA,NA,NA,NA,NA,NA,NA,NA,NA,NA
"280",2018-10-07,551,0,168,59,2,0,0,151,10,1,NA,NA,NA,NA,NA,NA,NA,NA,NA,NA,NA,NA,NA,NA,NA,NA,NA,NA,NA,NA,NA,NA
"281",2018-10-08,615,0,144,65,3,0,0,192,11,1,NA,NA,NA,NA,NA,NA,NA,NA,NA,NA,NA,NA,NA,NA,NA,NA,NA,NA,NA,NA,NA,NA
"282",2018-10-09,601,0,156,46,4,0,0,177,7,2,NA,NA,NA,NA,NA,NA,NA,NA,NA,NA,NA,NA,NA,NA,NA,NA,NA,NA,NA,NA,NA,NA
"283",2018-10-10,618,0,156,52,6,0,0,174,18,5,NA,NA,NA,NA,NA,NA,NA,NA,NA,NA,NA,NA,NA,NA,NA,NA,NA,NA,NA,NA,NA,NA
"284",2018-10-11,578,1,145,48,1,0,0,175,16,1,NA,NA,NA,NA,NA,NA,NA,NA,NA,NA,NA,NA,NA,NA,NA,NA,NA,NA,NA,NA,NA,NA
"285",2018-10-12,629,1,151,71,1,0,0,178,9,1,NA,NA,NA,NA,NA,NA,NA,NA,NA,NA,NA,NA,NA,NA,NA,NA,NA,NA,NA,NA,NA,NA
"286",2018-10-13,569,0,151,59,2,0,0,178,8,2,NA,NA,NA,NA,NA,NA,NA,NA,NA,NA,NA,NA,NA,NA,NA,NA,NA,NA,NA,NA,NA,NA
"287",2018-10-14,558,1,165,59,7,0,0,153,3,2,NA,NA,NA,NA,NA,NA,NA,NA,NA,NA,NA,NA,NA,NA,NA,NA,NA,NA,NA,NA,NA,NA
"288",2018-10-15,660,2,152,54,5,0,0,211,6,7,NA,NA,NA,NA,NA,NA,NA,NA,NA,NA,NA,NA,NA,NA,NA,NA,NA,NA,NA,NA,NA,NA
"289",2018-10-16,600,2,166,52,1,0,0,189,17,2,NA,NA,NA,NA,NA,NA,NA,NA,NA,NA,NA,NA,NA,NA,NA,NA,NA,NA,NA,NA,NA,NA
"290",2018-10-17,590,0,148,68,3,0,0,200,9,0,NA,NA,NA,NA,NA,NA,NA,NA,NA,NA,NA,NA,NA,NA,NA,NA,NA,NA,NA,NA,NA,NA
"291",2018-10-18,615,1,148,54,1,0,0,181,11,3,NA,NA,NA,NA,NA,NA,NA,NA,NA,NA,NA,NA,NA,NA,NA,NA,NA,NA,NA,NA,NA,NA
"292",2018-10-19,698,2,184,60,2,0,0,190,9,4,NA,NA,NA,NA,NA,NA,NA,NA,NA,NA,NA,NA,NA,NA,NA,NA,NA,NA,NA,NA,NA,NA
"293",2018-10-20,664,1,183,72,4,0,0,185,10,4,NA,NA,NA,NA,NA,NA,NA,NA,NA,NA,NA,NA,NA,NA,NA,NA,NA,NA,NA,NA,NA,NA
"294",2018-10-21,597,1,182,46,2,0,0,177,6,5,NA,NA,NA,NA,NA,NA,NA,NA,NA,NA,NA,NA,NA,NA,NA,NA,NA,NA,NA,NA,NA,NA
"295",2018-10-22,648,1,130,59,4,0,0,173,12,1,NA,NA,NA,NA,NA,NA,NA,NA,NA,NA,NA,NA,NA,NA,NA,NA,NA,NA,NA,NA,NA,NA
"296",2018-10-23,594,0,147,58,2,0,0,166,13,5,NA,NA,NA,NA,NA,NA,NA,NA,NA,NA,NA,NA,NA,NA,NA,NA,NA,NA,NA,NA,NA,NA
"297",2018-10-24,611,1,146,56,3,0,0,176,9,5,NA,NA,NA,NA,NA,NA,NA,NA,NA,NA,NA,NA,NA,NA,NA,NA,NA,NA,NA,NA,NA,NA
"298",2018-10-25,605,0,144,55,1,0,0,198,11,3,NA,NA,NA,NA,NA,NA,NA,NA,NA,NA,NA,NA,NA,NA,NA,NA,NA,NA,NA,NA,NA,NA
"299",2018-10-26,641,1,156,54,3,0,0,203,7,4,NA,NA,NA,NA,NA,NA,NA,NA,NA,NA,NA,NA,NA,NA,NA,NA,NA,NA,NA,NA,NA,NA
"300",2018-10-27,698,0,206,78,1,0,0,208,9,2,NA,NA,NA,NA,NA,NA,NA,NA,NA,NA,NA,NA,NA,NA,NA,NA,NA,NA,NA,NA,NA,NA
"301",2018-10-28,709,0,227,73,4,0,0,209,10,1,NA,NA,NA,NA,NA,NA,NA,NA,NA,NA,NA,NA,NA,NA,NA,NA,NA,NA,NA,NA,NA,NA
"302",2018-10-29,590,0,158,56,4,0,0,155,13,5,NA,NA,NA,NA,NA,NA,NA,NA,NA,NA,NA,NA,NA,NA,NA,NA,NA,NA,NA,NA,NA,NA
"303",2018-10-30,611,2,131,63,7,0,0,182,8,1,NA,NA,NA,NA,NA,NA,NA,NA,NA,NA,NA,NA,NA,NA,NA,NA,NA,NA,NA,NA,NA,NA
"304",2018-10-31,724,0,189,83,3,0,0,198,8,2,NA,NA,NA,NA,NA,NA,NA,NA,NA,NA,NA,NA,NA,NA,NA,NA,NA,NA,NA,NA,NA,NA
"305",2018-11-01,846,1,182,82,3,0,0,227,13,15,NA,NA,NA,NA,NA,NA,NA,NA,NA,NA,NA,NA,NA,NA,NA,NA,NA,NA,NA,NA,NA,NA
"306",2018-11-02,658,0,148,58,2,0,0,225,9,1,NA,NA,NA,NA,NA,NA,NA,NA,NA,NA,NA,NA,NA,NA,NA,NA,NA,NA,NA,NA,NA,NA
"307",2018-11-03,633,0,165,56,2,0,0,183,6,2,NA,NA,NA,NA,NA,NA,NA,NA,NA,NA,NA,NA,NA,NA,NA,NA,NA,NA,NA,NA,NA,NA
"308",2018-11-04,572,0,158,53,3,0,0,167,9,6,NA,NA,NA,NA,NA,NA,NA,NA,NA,NA,NA,NA,NA,NA,NA,NA,NA,NA,NA,NA,NA,NA
"309",2018-11-05,597,0,134,73,1,0,0,184,8,3,NA,NA,NA,NA,NA,NA,NA,NA,NA,NA,NA,NA,NA,NA,NA,NA,NA,NA,NA,NA,NA,NA
"310",2018-11-06,588,3,156,49,6,0,0,173,10,3,NA,NA,NA,NA,NA,NA,NA,NA,NA,NA,NA,NA,NA,NA,NA,NA,NA,NA,NA,NA,NA,NA
"311",2018-11-07,635,1,146,61,6,0,0,201,11,1,NA,NA,NA,NA,NA,NA,NA,NA,NA,NA,NA,NA,NA,NA,NA,NA,NA,NA,NA,NA,NA,NA
"312",2018-11-08,577,1,149,53,3,0,0,169,8,1,NA,NA,NA,NA,NA,NA,NA,NA,NA,NA,NA,NA,NA,NA,NA,NA,NA,NA,NA,NA,NA,NA
"313",2018-11-09,669,1,155,54,4,0,0,179,8,3,NA,NA,NA,NA,NA,NA,NA,NA,NA,NA,NA,NA,NA,NA,NA,NA,NA,NA,NA,NA,NA,NA
"314",2018-11-10,667,1,139,79,4,0,0,204,9,7,NA,NA,NA,NA,NA,NA,NA,NA,NA,NA,NA,NA,NA,NA,NA,NA,NA,NA,NA,NA,NA,NA
"315",2018-11-11,557,1,157,43,3,0,0,156,10,2,NA,NA,NA,NA,NA,NA,NA,NA,NA,NA,NA,NA,NA,NA,NA,NA,NA,NA,NA,NA,NA,NA
"316",2018-11-12,534,2,141,45,2,0,0,172,7,0,NA,NA,NA,NA,NA,NA,NA,NA,NA,NA,NA,NA,NA,NA,NA,NA,NA,NA,NA,NA,NA,NA
"317",2018-11-13,584,0,147,52,2,0,0,169,17,4,NA,NA,NA,NA,NA,NA,NA,NA,NA,NA,NA,NA,NA,NA,NA,NA,NA,NA,NA,NA,NA,NA
"318",2018-11-14,625,0,152,50,2,0,0,212,8,6,NA,NA,NA,NA,NA,NA,NA,NA,NA,NA,NA,NA,NA,NA,NA,NA,NA,NA,NA,NA,NA,NA
"319",2018-11-15,601,0,158,45,1,0,0,192,6,2,NA,NA,NA,NA,NA,NA,NA,NA,NA,NA,NA,NA,NA,NA,NA,NA,NA,NA,NA,NA,NA,NA
"320",2018-11-16,633,2,125,59,1,0,0,218,8,4,NA,NA,NA,NA,NA,NA,NA,NA,NA,NA,NA,NA,NA,NA,NA,NA,NA,NA,NA,NA,NA,NA
"321",2018-11-17,620,1,166,66,5,0,0,188,12,1,NA,NA,NA,NA,NA,NA,NA,NA,NA,NA,NA,NA,NA,NA,NA,NA,NA,NA,NA,NA,NA,NA
"322",2018-11-18,607,0,176,62,1,0,0,183,8,6,NA,NA,NA,NA,NA,NA,NA,NA,NA,NA,NA,NA,NA,NA,NA,NA,NA,NA,NA,NA,NA,NA
"323",2018-11-19,639,1,134,60,4,0,0,199,6,1,NA,NA,NA,NA,NA,NA,NA,NA,NA,NA,NA,NA,NA,NA,NA,NA,NA,NA,NA,NA,NA,NA
"324",2018-11-20,627,0,139,52,3,0,0,193,13,4,NA,NA,NA,NA,NA,NA,NA,NA,NA,NA,NA,NA,NA,NA,NA,NA,NA,NA,NA,NA,NA,NA
"325",2018-11-21,672,4,134,87,0,0,0,200,9,1,NA,NA,NA,NA,NA,NA,NA,NA,NA,NA,NA,NA,NA,NA,NA,NA,NA,NA,NA,NA,NA,NA
"326",2018-11-22,570,2,165,77,0,0,0,144,5,4,NA,NA,NA,NA,NA,NA,NA,NA,NA,NA,NA,NA,NA,NA,NA,NA,NA,NA,NA,NA,NA,NA
"327",2018-11-23,593,0,147,53,3,0,0,215,7,0,NA,NA,NA,NA,NA,NA,NA,NA,NA,NA,NA,NA,NA,NA,NA,NA,NA,NA,NA,NA,NA,NA
"328",2018-11-24,634,1,166,51,0,0,0,216,12,2,NA,NA,NA,NA,NA,NA,NA,NA,NA,NA,NA,NA,NA,NA,NA,NA,NA,NA,NA,NA,NA,NA
"329",2018-11-25,603,1,177,48,3,0,0,204,4,6,NA,NA,NA,NA,NA,NA,NA,NA,NA,NA,NA,NA,NA,NA,NA,NA,NA,NA,NA,NA,NA,NA
"330",2018-11-26,627,0,129,48,4,0,0,213,11,3,NA,NA,NA,NA,NA,NA,NA,NA,NA,NA,NA,NA,NA,NA,NA,NA,NA,NA,NA,NA,NA,NA
"331",2018-11-27,630,0,136,43,2,0,0,222,9,2,NA,NA,NA,NA,NA,NA,NA,NA,NA,NA,NA,NA,NA,NA,NA,NA,NA,NA,NA,NA,NA,NA
"332",2018-11-28,684,2,140,60,6,0,0,227,15,1,NA,NA,NA,NA,NA,NA,NA,NA,NA,NA,NA,NA,NA,NA,NA,NA,NA,NA,NA,NA,NA,NA
"333",2018-11-29,560,0,122,49,1,0,0,171,9,1,NA,NA,NA,NA,NA,NA,NA,NA,NA,NA,NA,NA,NA,NA,NA,NA,NA,NA,NA,NA,NA,NA
"334",2018-11-30,689,1,136,62,5,0,0,242,5,4,NA,NA,NA,NA,NA,NA,NA,NA,NA,NA,NA,NA,NA,NA,NA,NA,NA,NA,NA,NA,NA,NA
"335",2018-12-01,794,1,188,54,1,0,0,228,12,19,NA,NA,NA,NA,NA,NA,NA,NA,NA,NA,NA,NA,NA,NA,NA,NA,NA,NA,NA,NA,NA,NA
"336",2018-12-02,580,3,132,65,3,0,0,173,10,1,NA,NA,NA,NA,NA,NA,NA,NA,NA,NA,NA,NA,NA,NA,NA,NA,NA,NA,NA,NA,NA,NA
"337",2018-12-03,548,0,112,48,3,0,0,164,11,1,NA,NA,NA,NA,NA,NA,NA,NA,NA,NA,NA,NA,NA,NA,NA,NA,NA,NA,NA,NA,NA,NA
"338",2018-12-04,558,0,131,38,5,0,0,190,7,1,NA,NA,NA,NA,NA,NA,NA,NA,NA,NA,NA,NA,NA,NA,NA,NA,NA,NA,NA,NA,NA,NA
"339",2018-12-05,572,0,117,33,4,0,0,204,8,2,NA,NA,NA,NA,NA,NA,NA,NA,NA,NA,NA,NA,NA,NA,NA,NA,NA,NA,NA,NA,NA,NA
"340",2018-12-06,568,0,108,53,1,0,0,195,9,4,NA,NA,NA,NA,NA,NA,NA,NA,NA,NA,NA,NA,NA,NA,NA,NA,NA,NA,NA,NA,NA,NA
"341",2018-12-07,678,1,154,58,2,0,0,216,11,3,NA,NA,NA,NA,NA,NA,NA,NA,NA,NA,NA,NA,NA,NA,NA,NA,NA,NA,NA,NA,NA,NA
"342",2018-12-08,654,0,175,74,0,0,0,208,8,3,NA,NA,NA,NA,NA,NA,NA,NA,NA,NA,NA,NA,NA,NA,NA,NA,NA,NA,NA,NA,NA,NA
"343",2018-12-09,566,1,152,70,1,0,0,156,7,2,NA,NA,NA,NA,NA,NA,NA,NA,NA,NA,NA,NA,NA,NA,NA,NA,NA,NA,NA,NA,NA,NA
"344",2018-12-10,642,0,153,61,5,0,0,209,10,4,NA,NA,NA,NA,NA,NA,NA,NA,NA,NA,NA,NA,NA,NA,NA,NA,NA,NA,NA,NA,NA,NA
"345",2018-12-11,604,0,138,55,2,0,0,208,6,3,NA,NA,NA,NA,NA,NA,NA,NA,NA,NA,NA,NA,NA,NA,NA,NA,NA,NA,NA,NA,NA,NA
"346",2018-12-12,621,2,136,57,5,0,0,189,8,2,NA,NA,NA,NA,NA,NA,NA,NA,NA,NA,NA,NA,NA,NA,NA,NA,NA,NA,NA,NA,NA,NA
"347",2018-12-13,671,0,209,51,1,0,0,175,5,5,NA,NA,NA,NA,NA,NA,NA,NA,NA,NA,NA,NA,NA,NA,NA,NA,NA,NA,NA,NA,NA,NA
"348",2018-12-14,683,3,147,67,1,0,0,238,6,0,NA,NA,NA,NA,NA,NA,NA,NA,NA,NA,NA,NA,NA,NA,NA,NA,NA,NA,NA,NA,NA,NA
"349",2018-12-15,640,1,158,64,4,0,0,206,8,3,NA,NA,NA,NA,NA,NA,NA,NA,NA,NA,NA,NA,NA,NA,NA,NA,NA,NA,NA,NA,NA,NA
"350",2018-12-16,637,1,231,50,1,0,0,158,10,1,NA,NA,NA,NA,NA,NA,NA,NA,NA,NA,NA,NA,NA,NA,NA,NA,NA,NA,NA,NA,NA,NA
"351",2018-12-17,573,0,131,49,3,0,0,186,7,1,NA,NA,NA,NA,NA,NA,NA,NA,NA,NA,NA,NA,NA,NA,NA,NA,NA,NA,NA,NA,NA,NA
"352",2018-12-18,650,0,158,46,3,0,0,231,10,0,NA,NA,NA,NA,NA,NA,NA,NA,NA,NA,NA,NA,NA,NA,NA,NA,NA,NA,NA,NA,NA,NA
"353",2018-12-19,618,1,129,65,0,0,0,197,13,1,NA,NA,NA,NA,NA,NA,NA,NA,NA,NA,NA,NA,NA,NA,NA,NA,NA,NA,NA,NA,NA,NA
"354",2018-12-20,667,1,145,78,3,0,0,199,11,1,NA,NA,NA,NA,NA,NA,NA,NA,NA,NA,NA,NA,NA,NA,NA,NA,NA,NA,NA,NA,NA,NA
"355",2018-12-21,694,1,153,77,2,0,0,223,7,0,NA,NA,NA,NA,NA,NA,NA,NA,NA,NA,NA,NA,NA,NA,NA,NA,NA,NA,NA,NA,NA,NA
"356",2018-12-22,639,0,155,69,2,0,0,194,9,2,NA,NA,NA,NA,NA,NA,NA,NA,NA,NA,NA,NA,NA,NA,NA,NA,NA,NA,NA,NA,NA,NA
"357",2018-12-23,588,0,124,71,6,0,0,198,8,3,NA,NA,NA,NA,NA,NA,NA,NA,NA,NA,NA,NA,NA,NA,NA,NA,NA,NA,NA,NA,NA,NA
"358",2018-12-24,596,0,149,68,1,0,0,168,6,1,NA,NA,NA,NA,NA,NA,NA,NA,NA,NA,NA,NA,NA,NA,NA,NA,NA,NA,NA,NA,NA,NA
"359",2018-12-25,468,1,166,49,2,0,0,120,4,1,NA,NA,NA,NA,NA,NA,NA,NA,NA,NA,NA,NA,NA,NA,NA,NA,NA,NA,NA,NA,NA,NA
"360",2018-12-26,585,2,144,60,3,0,0,170,6,2,NA,NA,NA,NA,NA,NA,NA,NA,NA,NA,NA,NA,NA,NA,NA,NA,NA,NA,NA,NA,NA,NA
"361",2018-12-27,558,2,122,50,5,0,0,188,11,1,NA,NA,NA,NA,NA,NA,NA,NA,NA,NA,NA,NA,NA,NA,NA,NA,NA,NA,NA,NA,NA,NA
"362",2018-12-28,598,0,122,54,2,0,0,191,7,2,NA,NA,NA,NA,NA,NA,NA,NA,NA,NA,NA,NA,NA,NA,NA,NA,NA,NA,NA,NA,NA,NA
"363",2018-12-29,582,2,144,60,3,0,0,199,7,3,NA,NA,NA,NA,NA,NA,NA,NA,NA,NA,NA,NA,NA,NA,NA,NA,NA,NA,NA,NA,NA,NA
"364",2018-12-30,581,1,142,51,3,0,0,180,12,2,NA,NA,NA,NA,NA,NA,NA,NA,NA,NA,NA,NA,NA,NA,NA,NA,NA,NA,NA,NA,NA,NA
"365",2018-12-31,605,0,149,60,2,0,0,198,8,3,NA,NA,NA,NA,NA,NA,NA,NA,NA,NA,NA,NA,NA,NA,NA,NA,NA,NA,NA,NA,NA,NA
"366",NA,27,0,9,3,0,0,0,7,0,0,NA,NA,NA,NA,NA,NA,NA,NA,NA,NA,NA,NA,NA,NA,NA,NA,NA,NA,NA,NA,NA,NA
